,Garda Station
0,"63101 Balbriggan, D.M.R. Northern Division"
1,"63101 Balbriggan, D.M.R. Northern Division"
2,"63101 Balbriggan, D.M.R. Northern Division"
3,"63101 Balbriggan, D.M.R. Northern Division"
4,"63101 Balbriggan, D.M.R. Northern Division"
5,"63101 Balbriggan, D.M.R. Northern Division"
6,"63101 Balbriggan, D.M.R. Northern Division"
7,"63101 Balbriggan, D.M.R. Northern Division"
8,"63101 Balbriggan, D.M.R. Northern Division"
9,"63101 Balbriggan, D.M.R. Northern Division"
10,"63101 Balbriggan, D.M.R. Northern Division"
11,"63101 Balbriggan, D.M.R. Northern Division"
12,"66201 Ballyfermot, D.M.R. Western Division"
13,"66201 Ballyfermot, D.M.R. Western Division"
14,"66201 Ballyfermot, D.M.R. Western Division"
15,"66201 Ballyfermot, D.M.R. Western Division"
16,"66201 Ballyfermot, D.M.R. Western Division"
17,"66201 Ballyfermot, D.M.R. Western Division"
18,"66201 Ballyfermot, D.M.R. Western Division"
19,"66201 Ballyfermot, D.M.R. Western Division"
20,"66201 Ballyfermot, D.M.R. Western Division"
21,"66201 Ballyfermot, D.M.R. Western Division"
22,"66201 Ballyfermot, D.M.R. Western Division"
23,"66201 Ballyfermot, D.M.R. Western Division"
24,"63201 Ballymun, D.M.R. Northern Division"
25,"63201 Ballymun, D.M.R. Northern Division"
26,"63201 Ballymun, D.M.R. Northern Division"
27,"63201 Ballymun, D.M.R. Northern Division"
28,"63201 Ballymun, D.M.R. Northern Division"
29,"63201 Ballymun, D.M.R. Northern Division"
30,"63201 Ballymun, D.M.R. Northern Division"
31,"63201 Ballymun, D.M.R. Northern Division"
32,"63201 Ballymun, D.M.R. Northern Division"
33,"63201 Ballymun, D.M.R. Northern Division"
34,"63201 Ballymun, D.M.R. Northern Division"
35,"63201 Ballymun, D.M.R. Northern Division"
36,"65101 Blackrock, Co Dublin, D.M.R. Eastern Division"
37,"65101 Blackrock, Co Dublin, D.M.R. Eastern Division"
38,"65101 Blackrock, Co Dublin, D.M.R. Eastern Division"
39,"65101 Blackrock, Co Dublin, D.M.R. Eastern Division"
40,"65101 Blackrock, Co Dublin, D.M.R. Eastern Division"
41,"65101 Blackrock, Co Dublin, D.M.R. Eastern Division"
42,"65101 Blackrock, Co Dublin, D.M.R. Eastern Division"
43,"65101 Blackrock, Co Dublin, D.M.R. Eastern Division"
44,"65101 Blackrock, Co Dublin, D.M.R. Eastern Division"
45,"65101 Blackrock, Co Dublin, D.M.R. Eastern Division"
46,"65101 Blackrock, Co Dublin, D.M.R. Eastern Division"
47,"65101 Blackrock, Co Dublin, D.M.R. Eastern Division"
48,"66101 Blanchardstown, D.M.R. Western Division"
49,"66101 Blanchardstown, D.M.R. Western Division"
50,"66101 Blanchardstown, D.M.R. Western Division"
51,"66101 Blanchardstown, D.M.R. Western Division"
52,"66101 Blanchardstown, D.M.R. Western Division"
53,"66101 Blanchardstown, D.M.R. Western Division"
54,"66101 Blanchardstown, D.M.R. Western Division"
55,"66101 Blanchardstown, D.M.R. Western Division"
56,"66101 Blanchardstown, D.M.R. Western Division"
57,"66101 Blanchardstown, D.M.R. Western Division"
58,"66101 Blanchardstown, D.M.R. Western Division"
59,"66101 Blanchardstown, D.M.R. Western Division"
60,"62101 Bridewell Dublin, D.M.R. North Central Division"
61,"62101 Bridewell Dublin, D.M.R. North Central Division"
62,"62101 Bridewell Dublin, D.M.R. North Central Division"
63,"62101 Bridewell Dublin, D.M.R. North Central Division"
64,"62101 Bridewell Dublin, D.M.R. North Central Division"
65,"62101 Bridewell Dublin, D.M.R. North Central Division"
66,"62101 Bridewell Dublin, D.M.R. North Central Division"
67,"62101 Bridewell Dublin, D.M.R. North Central Division"
68,"62101 Bridewell Dublin, D.M.R. North Central Division"
69,"62101 Bridewell Dublin, D.M.R. North Central Division"
70,"62101 Bridewell Dublin, D.M.R. North Central Division"
71,"62101 Bridewell Dublin, D.M.R. North Central Division"
72,"65201 Cabinteely, D.M.R. Eastern Division"
73,"65201 Cabinteely, D.M.R. Eastern Division"
74,"65201 Cabinteely, D.M.R. Eastern Division"
75,"65201 Cabinteely, D.M.R. Eastern Division"
76,"65201 Cabinteely, D.M.R. Eastern Division"
77,"65201 Cabinteely, D.M.R. Eastern Division"
78,"65201 Cabinteely, D.M.R. Eastern Division"
79,"65201 Cabinteely, D.M.R. Eastern Division"
80,"65201 Cabinteely, D.M.R. Eastern Division"
81,"65201 Cabinteely, D.M.R. Eastern Division"
82,"65201 Cabinteely, D.M.R. Eastern Division"
83,"65201 Cabinteely, D.M.R. Eastern Division"
84,"66102 Cabra, D.M.R. Western Division"
85,"66102 Cabra, D.M.R. Western Division"
86,"66102 Cabra, D.M.R. Western Division"
87,"66102 Cabra, D.M.R. Western Division"
88,"66102 Cabra, D.M.R. Western Division"
89,"66102 Cabra, D.M.R. Western Division"
90,"66102 Cabra, D.M.R. Western Division"
91,"66102 Cabra, D.M.R. Western Division"
92,"66102 Cabra, D.M.R. Western Division"
93,"66102 Cabra, D.M.R. Western Division"
94,"66102 Cabra, D.M.R. Western Division"
95,"66102 Cabra, D.M.R. Western Division"
96,"66202 Clondalkin, D.M.R. Western Division"
97,"66202 Clondalkin, D.M.R. Western Division"
98,"66202 Clondalkin, D.M.R. Western Division"
99,"66202 Clondalkin, D.M.R. Western Division"
100,"66202 Clondalkin, D.M.R. Western Division"
101,"66202 Clondalkin, D.M.R. Western Division"
102,"66202 Clondalkin, D.M.R. Western Division"
103,"66202 Clondalkin, D.M.R. Western Division"
104,"66202 Clondalkin, D.M.R. Western Division"
105,"66202 Clondalkin, D.M.R. Western Division"
106,"66202 Clondalkin, D.M.R. Western Division"
107,"66202 Clondalkin, D.M.R. Western Division"
108,"63401 Clontarf, D.M.R. Northern Division"
109,"63401 Clontarf, D.M.R. Northern Division"
110,"63401 Clontarf, D.M.R. Northern Division"
111,"63401 Clontarf, D.M.R. Northern Division"
112,"63401 Clontarf, D.M.R. Northern Division"
113,"63401 Clontarf, D.M.R. Northern Division"
114,"63401 Clontarf, D.M.R. Northern Division"
115,"63401 Clontarf, D.M.R. Northern Division"
116,"63401 Clontarf, D.M.R. Northern Division"
117,"63401 Clontarf, D.M.R. Northern Division"
118,"63401 Clontarf, D.M.R. Northern Division"
119,"63401 Clontarf, D.M.R. Northern Division"
120,"63301 Coolock, D.M.R. Northern Division"
121,"63301 Coolock, D.M.R. Northern Division"
122,"63301 Coolock, D.M.R. Northern Division"
123,"63301 Coolock, D.M.R. Northern Division"
124,"63301 Coolock, D.M.R. Northern Division"
125,"63301 Coolock, D.M.R. Northern Division"
126,"63301 Coolock, D.M.R. Northern Division"
127,"63301 Coolock, D.M.R. Northern Division"
128,"63301 Coolock, D.M.R. Northern Division"
129,"63301 Coolock, D.M.R. Northern Division"
130,"63301 Coolock, D.M.R. Northern Division"
131,"63301 Coolock, D.M.R. Northern Division"
132,"64101 Crumlin, D.M.R. Southern Division"
133,"64101 Crumlin, D.M.R. Southern Division"
134,"64101 Crumlin, D.M.R. Southern Division"
135,"64101 Crumlin, D.M.R. Southern Division"
136,"64101 Crumlin, D.M.R. Southern Division"
137,"64101 Crumlin, D.M.R. Southern Division"
138,"64101 Crumlin, D.M.R. Southern Division"
139,"64101 Crumlin, D.M.R. Southern Division"
140,"64101 Crumlin, D.M.R. Southern Division"
141,"64101 Crumlin, D.M.R. Southern Division"
142,"64101 Crumlin, D.M.R. Southern Division"
143,"64101 Crumlin, D.M.R. Southern Division"
144,"61101 Donnybrook, D.M.R. South Central Division"
145,"61101 Donnybrook, D.M.R. South Central Division"
146,"61101 Donnybrook, D.M.R. South Central Division"
147,"61101 Donnybrook, D.M.R. South Central Division"
148,"61101 Donnybrook, D.M.R. South Central Division"
149,"61101 Donnybrook, D.M.R. South Central Division"
150,"61101 Donnybrook, D.M.R. South Central Division"
151,"61101 Donnybrook, D.M.R. South Central Division"
152,"61101 Donnybrook, D.M.R. South Central Division"
153,"61101 Donnybrook, D.M.R. South Central Division"
154,"61101 Donnybrook, D.M.R. South Central Division"
155,"61101 Donnybrook, D.M.R. South Central Division"
156,"63202 Dublin Airport, D.M.R. Northern Division"
157,"63202 Dublin Airport, D.M.R. Northern Division"
158,"63202 Dublin Airport, D.M.R. Northern Division"
159,"63202 Dublin Airport, D.M.R. Northern Division"
160,"63202 Dublin Airport, D.M.R. Northern Division"
161,"63202 Dublin Airport, D.M.R. Northern Division"
162,"63202 Dublin Airport, D.M.R. Northern Division"
163,"63202 Dublin Airport, D.M.R. Northern Division"
164,"63202 Dublin Airport, D.M.R. Northern Division"
165,"63202 Dublin Airport, D.M.R. Northern Division"
166,"63202 Dublin Airport, D.M.R. Northern Division"
167,"63202 Dublin Airport, D.M.R. Northern Division"
168,"65203 Dun Laoghaire, D.M.R. Eastern Division"
169,"65203 Dun Laoghaire, D.M.R. Eastern Division"
170,"65203 Dun Laoghaire, D.M.R. Eastern Division"
171,"65203 Dun Laoghaire, D.M.R. Eastern Division"
172,"65203 Dun Laoghaire, D.M.R. Eastern Division"
173,"65203 Dun Laoghaire, D.M.R. Eastern Division"
174,"65203 Dun Laoghaire, D.M.R. Eastern Division"
175,"65203 Dun Laoghaire, D.M.R. Eastern Division"
176,"65203 Dun Laoghaire, D.M.R. Eastern Division"
177,"65203 Dun Laoghaire, D.M.R. Eastern Division"
178,"65203 Dun Laoghaire, D.M.R. Eastern Division"
179,"65203 Dun Laoghaire, D.M.R. Eastern Division"
180,"65102 Dundrum, D.M.R. Eastern Division"
181,"65102 Dundrum, D.M.R. Eastern Division"
182,"65102 Dundrum, D.M.R. Eastern Division"
183,"65102 Dundrum, D.M.R. Eastern Division"
184,"65102 Dundrum, D.M.R. Eastern Division"
185,"65102 Dundrum, D.M.R. Eastern Division"
186,"65102 Dundrum, D.M.R. Eastern Division"
187,"65102 Dundrum, D.M.R. Eastern Division"
188,"65102 Dundrum, D.M.R. Eastern Division"
189,"65102 Dundrum, D.M.R. Eastern Division"
190,"65102 Dundrum, D.M.R. Eastern Division"
191,"65102 Dundrum, D.M.R. Eastern Division"
192,"66103 Finglas, D.M.R. Western Division"
193,"66103 Finglas, D.M.R. Western Division"
194,"66103 Finglas, D.M.R. Western Division"
195,"66103 Finglas, D.M.R. Western Division"
196,"66103 Finglas, D.M.R. Western Division"
197,"66103 Finglas, D.M.R. Western Division"
198,"66103 Finglas, D.M.R. Western Division"
199,"66103 Finglas, D.M.R. Western Division"
200,"66103 Finglas, D.M.R. Western Division"
201,"66103 Finglas, D.M.R. Western Division"
202,"66103 Finglas, D.M.R. Western Division"
203,"66103 Finglas, D.M.R. Western Division"
204,"62202 Fitzgibbon Street, D.M.R. North Central Division"
205,"62202 Fitzgibbon Street, D.M.R. North Central Division"
206,"62202 Fitzgibbon Street, D.M.R. North Central Division"
207,"62202 Fitzgibbon Street, D.M.R. North Central Division"
208,"62202 Fitzgibbon Street, D.M.R. North Central Division"
209,"62202 Fitzgibbon Street, D.M.R. North Central Division"
210,"62202 Fitzgibbon Street, D.M.R. North Central Division"
211,"62202 Fitzgibbon Street, D.M.R. North Central Division"
212,"62202 Fitzgibbon Street, D.M.R. North Central Division"
213,"62202 Fitzgibbon Street, D.M.R. North Central Division"
214,"62202 Fitzgibbon Street, D.M.R. North Central Division"
215,"62202 Fitzgibbon Street, D.M.R. North Central Division"
216,"63102 Garristown, D.M.R. Northern Division"
217,"63102 Garristown, D.M.R. Northern Division"
218,"63102 Garristown, D.M.R. Northern Division"
219,"63102 Garristown, D.M.R. Northern Division"
220,"63102 Garristown, D.M.R. Northern Division"
221,"63102 Garristown, D.M.R. Northern Division"
222,"63102 Garristown, D.M.R. Northern Division"
223,"63102 Garristown, D.M.R. Northern Division"
224,"63102 Garristown, D.M.R. Northern Division"
225,"63102 Garristown, D.M.R. Northern Division"
226,"63102 Garristown, D.M.R. Northern Division"
227,"63102 Garristown, D.M.R. Northern Division"
228,"63402 Howth, D.M.R. Northern Division"
229,"63402 Howth, D.M.R. Northern Division"
230,"63402 Howth, D.M.R. Northern Division"
231,"63402 Howth, D.M.R. Northern Division"
232,"63402 Howth, D.M.R. Northern Division"
233,"63402 Howth, D.M.R. Northern Division"
234,"63402 Howth, D.M.R. Northern Division"
235,"63402 Howth, D.M.R. Northern Division"
236,"63402 Howth, D.M.R. Northern Division"
237,"63402 Howth, D.M.R. Northern Division"
238,"63402 Howth, D.M.R. Northern Division"
239,"63402 Howth, D.M.R. Northern Division"
240,"61102 Irishtown, D.M.R. South Central Division"
241,"61102 Irishtown, D.M.R. South Central Division"
242,"61102 Irishtown, D.M.R. South Central Division"
243,"61102 Irishtown, D.M.R. South Central Division"
244,"61102 Irishtown, D.M.R. South Central Division"
245,"61102 Irishtown, D.M.R. South Central Division"
246,"61102 Irishtown, D.M.R. South Central Division"
247,"61102 Irishtown, D.M.R. South Central Division"
248,"61102 Irishtown, D.M.R. South Central Division"
249,"61102 Irishtown, D.M.R. South Central Division"
250,"61102 Irishtown, D.M.R. South Central Division"
251,"61102 Irishtown, D.M.R. South Central Division"
252,"61301 Kevin Street, D.M.R. South Central Division"
253,"61301 Kevin Street, D.M.R. South Central Division"
254,"61301 Kevin Street, D.M.R. South Central Division"
255,"61301 Kevin Street, D.M.R. South Central Division"
256,"61301 Kevin Street, D.M.R. South Central Division"
257,"61301 Kevin Street, D.M.R. South Central Division"
258,"61301 Kevin Street, D.M.R. South Central Division"
259,"61301 Kevin Street, D.M.R. South Central Division"
260,"61301 Kevin Street, D.M.R. South Central Division"
261,"61301 Kevin Street, D.M.R. South Central Division"
262,"61301 Kevin Street, D.M.R. South Central Division"
263,"61301 Kevin Street, D.M.R. South Central Division"
264,"61302 Kilmainham, D.M.R. South Central Division"
265,"61302 Kilmainham, D.M.R. South Central Division"
266,"61302 Kilmainham, D.M.R. South Central Division"
267,"61302 Kilmainham, D.M.R. South Central Division"
268,"61302 Kilmainham, D.M.R. South Central Division"
269,"61302 Kilmainham, D.M.R. South Central Division"
270,"61302 Kilmainham, D.M.R. South Central Division"
271,"61302 Kilmainham, D.M.R. South Central Division"
272,"61302 Kilmainham, D.M.R. South Central Division"
273,"61302 Kilmainham, D.M.R. South Central Division"
274,"61302 Kilmainham, D.M.R. South Central Division"
275,"61302 Kilmainham, D.M.R. South Central Division"
276,"66301 Lucan, D.M.R. Western Division"
277,"66301 Lucan, D.M.R. Western Division"
278,"66301 Lucan, D.M.R. Western Division"
279,"66301 Lucan, D.M.R. Western Division"
280,"66301 Lucan, D.M.R. Western Division"
281,"66301 Lucan, D.M.R. Western Division"
282,"66301 Lucan, D.M.R. Western Division"
283,"66301 Lucan, D.M.R. Western Division"
284,"66301 Lucan, D.M.R. Western Division"
285,"66301 Lucan, D.M.R. Western Division"
286,"66301 Lucan, D.M.R. Western Division"
287,"66301 Lucan, D.M.R. Western Division"
288,"63103 Lusk, D.M.R. Northern Division"
289,"63103 Lusk, D.M.R. Northern Division"
290,"63103 Lusk, D.M.R. Northern Division"
291,"63103 Lusk, D.M.R. Northern Division"
292,"63103 Lusk, D.M.R. Northern Division"
293,"63103 Lusk, D.M.R. Northern Division"
294,"63103 Lusk, D.M.R. Northern Division"
295,"63103 Lusk, D.M.R. Northern Division"
296,"63103 Lusk, D.M.R. Northern Division"
297,"63103 Lusk, D.M.R. Northern Division"
298,"63103 Lusk, D.M.R. Northern Division"
299,"63103 Lusk, D.M.R. Northern Division"
300,"63302 Malahide, D.M.R. Northern Division"
301,"63302 Malahide, D.M.R. Northern Division"
302,"63302 Malahide, D.M.R. Northern Division"
303,"63302 Malahide, D.M.R. Northern Division"
304,"63302 Malahide, D.M.R. Northern Division"
305,"63302 Malahide, D.M.R. Northern Division"
306,"63302 Malahide, D.M.R. Northern Division"
307,"63302 Malahide, D.M.R. Northern Division"
308,"63302 Malahide, D.M.R. Northern Division"
309,"63302 Malahide, D.M.R. Northern Division"
310,"63302 Malahide, D.M.R. Northern Division"
311,"63302 Malahide, D.M.R. Northern Division"
312,"62203 Mountjoy, D.M.R. North Central Division"
313,"62203 Mountjoy, D.M.R. North Central Division"
314,"62203 Mountjoy, D.M.R. North Central Division"
315,"62203 Mountjoy, D.M.R. North Central Division"
316,"62203 Mountjoy, D.M.R. North Central Division"
317,"62203 Mountjoy, D.M.R. North Central Division"
318,"62203 Mountjoy, D.M.R. North Central Division"
319,"62203 Mountjoy, D.M.R. North Central Division"
320,"62203 Mountjoy, D.M.R. North Central Division"
321,"62203 Mountjoy, D.M.R. North Central Division"
322,"62203 Mountjoy, D.M.R. North Central Division"
323,"62203 Mountjoy, D.M.R. North Central Division"
324,"61202 Pearse Street, D.M.R. South Central Division"
325,"61202 Pearse Street, D.M.R. South Central Division"
326,"61202 Pearse Street, D.M.R. South Central Division"
327,"61202 Pearse Street, D.M.R. South Central Division"
328,"61202 Pearse Street, D.M.R. South Central Division"
329,"61202 Pearse Street, D.M.R. South Central Division"
330,"61202 Pearse Street, D.M.R. South Central Division"
331,"61202 Pearse Street, D.M.R. South Central Division"
332,"61202 Pearse Street, D.M.R. South Central Division"
333,"61202 Pearse Street, D.M.R. South Central Division"
334,"61202 Pearse Street, D.M.R. South Central Division"
335,"61202 Pearse Street, D.M.R. South Central Division"
336,"63403 Raheny, D.M.R. Northern Division"
337,"63403 Raheny, D.M.R. Northern Division"
338,"63403 Raheny, D.M.R. Northern Division"
339,"63403 Raheny, D.M.R. Northern Division"
340,"63403 Raheny, D.M.R. Northern Division"
341,"63403 Raheny, D.M.R. Northern Division"
342,"63403 Raheny, D.M.R. Northern Division"
343,"63403 Raheny, D.M.R. Northern Division"
344,"63403 Raheny, D.M.R. Northern Division"
345,"63403 Raheny, D.M.R. Northern Division"
346,"63403 Raheny, D.M.R. Northern Division"
347,"63403 Raheny, D.M.R. Northern Division"
348,"66203 Rathcoole, D.M.R. Western Division"
349,"66203 Rathcoole, D.M.R. Western Division"
350,"66203 Rathcoole, D.M.R. Western Division"
351,"66203 Rathcoole, D.M.R. Western Division"
352,"66203 Rathcoole, D.M.R. Western Division"
353,"66203 Rathcoole, D.M.R. Western Division"
354,"66203 Rathcoole, D.M.R. Western Division"
355,"66203 Rathcoole, D.M.R. Western Division"
356,"66203 Rathcoole, D.M.R. Western Division"
357,"66203 Rathcoole, D.M.R. Western Division"
358,"66203 Rathcoole, D.M.R. Western Division"
359,"66203 Rathcoole, D.M.R. Western Division"
360,"64201 Rathfarnham, D.M.R. Southern Division"
361,"64201 Rathfarnham, D.M.R. Southern Division"
362,"64201 Rathfarnham, D.M.R. Southern Division"
363,"64201 Rathfarnham, D.M.R. Southern Division"
364,"64201 Rathfarnham, D.M.R. Southern Division"
365,"64201 Rathfarnham, D.M.R. Southern Division"
366,"64201 Rathfarnham, D.M.R. Southern Division"
367,"64201 Rathfarnham, D.M.R. Southern Division"
368,"64201 Rathfarnham, D.M.R. Southern Division"
369,"64201 Rathfarnham, D.M.R. Southern Division"
370,"64201 Rathfarnham, D.M.R. Southern Division"
371,"64201 Rathfarnham, D.M.R. Southern Division"
372,"64301 Rathmines, D.M.R. Southern Division"
373,"64301 Rathmines, D.M.R. Southern Division"
374,"64301 Rathmines, D.M.R. Southern Division"
375,"64301 Rathmines, D.M.R. Southern Division"
376,"64301 Rathmines, D.M.R. Southern Division"
377,"64301 Rathmines, D.M.R. Southern Division"
378,"64301 Rathmines, D.M.R. Southern Division"
379,"64301 Rathmines, D.M.R. Southern Division"
380,"64301 Rathmines, D.M.R. Southern Division"
381,"64301 Rathmines, D.M.R. Southern Division"
382,"64301 Rathmines, D.M.R. Southern Division"
383,"64301 Rathmines, D.M.R. Southern Division"
384,"66302 Ronanstown, D.M.R. Western Division"
385,"66302 Ronanstown, D.M.R. Western Division"
386,"66302 Ronanstown, D.M.R. Western Division"
387,"66302 Ronanstown, D.M.R. Western Division"
388,"66302 Ronanstown, D.M.R. Western Division"
389,"66302 Ronanstown, D.M.R. Western Division"
390,"66302 Ronanstown, D.M.R. Western Division"
391,"66302 Ronanstown, D.M.R. Western Division"
392,"66302 Ronanstown, D.M.R. Western Division"
393,"66302 Ronanstown, D.M.R. Western Division"
394,"66302 Ronanstown, D.M.R. Western Division"
395,"66302 Ronanstown, D.M.R. Western Division"
396,"63203 Santry, D.M.R. Northern Division"
397,"63203 Santry, D.M.R. Northern Division"
398,"63203 Santry, D.M.R. Northern Division"
399,"63203 Santry, D.M.R. Northern Division"
400,"63203 Santry, D.M.R. Northern Division"
401,"63203 Santry, D.M.R. Northern Division"
402,"63203 Santry, D.M.R. Northern Division"
403,"63203 Santry, D.M.R. Northern Division"
404,"63203 Santry, D.M.R. Northern Division"
405,"63203 Santry, D.M.R. Northern Division"
406,"63203 Santry, D.M.R. Northern Division"
407,"63203 Santry, D.M.R. Northern Division"
408,"65205 Shankill, D.M.R. Eastern Division"
409,"65205 Shankill, D.M.R. Eastern Division"
410,"65205 Shankill, D.M.R. Eastern Division"
411,"65205 Shankill, D.M.R. Eastern Division"
412,"65205 Shankill, D.M.R. Eastern Division"
413,"65205 Shankill, D.M.R. Eastern Division"
414,"65205 Shankill, D.M.R. Eastern Division"
415,"65205 Shankill, D.M.R. Eastern Division"
416,"65205 Shankill, D.M.R. Eastern Division"
417,"65205 Shankill, D.M.R. Eastern Division"
418,"65205 Shankill, D.M.R. Eastern Division"
419,"65205 Shankill, D.M.R. Eastern Division"
420,"63105 Skerries, D.M.R. Northern Division"
421,"63105 Skerries, D.M.R. Northern Division"
422,"63105 Skerries, D.M.R. Northern Division"
423,"63105 Skerries, D.M.R. Northern Division"
424,"63105 Skerries, D.M.R. Northern Division"
425,"63105 Skerries, D.M.R. Northern Division"
426,"63105 Skerries, D.M.R. Northern Division"
427,"63105 Skerries, D.M.R. Northern Division"
428,"63105 Skerries, D.M.R. Northern Division"
429,"63105 Skerries, D.M.R. Northern Division"
430,"63105 Skerries, D.M.R. Northern Division"
431,"63105 Skerries, D.M.R. Northern Division"
432,"62301 Store Street, D.M.R. North Central Division"
433,"62301 Store Street, D.M.R. North Central Division"
434,"62301 Store Street, D.M.R. North Central Division"
435,"62301 Store Street, D.M.R. North Central Division"
436,"62301 Store Street, D.M.R. North Central Division"
437,"62301 Store Street, D.M.R. North Central Division"
438,"62301 Store Street, D.M.R. North Central Division"
439,"62301 Store Street, D.M.R. North Central Division"
440,"62301 Store Street, D.M.R. North Central Division"
441,"62301 Store Street, D.M.R. North Central Division"
442,"62301 Store Street, D.M.R. North Central Division"
443,"62301 Store Street, D.M.R. North Central Division"
444,"64102 Sundrive Road, D.M.R. Southern Division"
445,"64102 Sundrive Road, D.M.R. Southern Division"
446,"64102 Sundrive Road, D.M.R. Southern Division"
447,"64102 Sundrive Road, D.M.R. Southern Division"
448,"64102 Sundrive Road, D.M.R. Southern Division"
449,"64102 Sundrive Road, D.M.R. Southern Division"
450,"64102 Sundrive Road, D.M.R. Southern Division"
451,"64102 Sundrive Road, D.M.R. Southern Division"
452,"64102 Sundrive Road, D.M.R. Southern Division"
453,"64102 Sundrive Road, D.M.R. Southern Division"
454,"64102 Sundrive Road, D.M.R. Southern Division"
455,"64102 Sundrive Road, D.M.R. Southern Division"
456,"63303 Swords, D.M.R. Northern Division"
457,"63303 Swords, D.M.R. Northern Division"
458,"63303 Swords, D.M.R. Northern Division"
459,"63303 Swords, D.M.R. Northern Division"
460,"63303 Swords, D.M.R. Northern Division"
461,"63303 Swords, D.M.R. Northern Division"
462,"63303 Swords, D.M.R. Northern Division"
463,"63303 Swords, D.M.R. Northern Division"
464,"63303 Swords, D.M.R. Northern Division"
465,"63303 Swords, D.M.R. Northern Division"
466,"63303 Swords, D.M.R. Northern Division"
467,"63303 Swords, D.M.R. Northern Division"
468,"64202 Tallaght, D.M.R. Southern Division"
469,"64202 Tallaght, D.M.R. Southern Division"
470,"64202 Tallaght, D.M.R. Southern Division"
471,"64202 Tallaght, D.M.R. Southern Division"
472,"64202 Tallaght, D.M.R. Southern Division"
473,"64202 Tallaght, D.M.R. Southern Division"
474,"64202 Tallaght, D.M.R. Southern Division"
475,"64202 Tallaght, D.M.R. Southern Division"
476,"64202 Tallaght, D.M.R. Southern Division"
477,"64202 Tallaght, D.M.R. Southern Division"
478,"64202 Tallaght, D.M.R. Southern Division"
479,"64202 Tallaght, D.M.R. Southern Division"
480,"64302 Terenure, D.M.R. Southern Division"
481,"64302 Terenure, D.M.R. Southern Division"
482,"64302 Terenure, D.M.R. Southern Division"
483,"64302 Terenure, D.M.R. Southern Division"
484,"64302 Terenure, D.M.R. Southern Division"
485,"64302 Terenure, D.M.R. Southern Division"
486,"64302 Terenure, D.M.R. Southern Division"
487,"64302 Terenure, D.M.R. Southern Division"
488,"64302 Terenure, D.M.R. Southern Division"
489,"64302 Terenure, D.M.R. Southern Division"
490,"64302 Terenure, D.M.R. Southern Division"
491,"64302 Terenure, D.M.R. Southern Division"
492,"63101 Balbriggan, D.M.R. Northern Division"
493,"63101 Balbriggan, D.M.R. Northern Division"
494,"63101 Balbriggan, D.M.R. Northern Division"
495,"63101 Balbriggan, D.M.R. Northern Division"
496,"63101 Balbriggan, D.M.R. Northern Division"
497,"63101 Balbriggan, D.M.R. Northern Division"
498,"63101 Balbriggan, D.M.R. Northern Division"
499,"63101 Balbriggan, D.M.R. Northern Division"
500,"63101 Balbriggan, D.M.R. Northern Division"
501,"63101 Balbriggan, D.M.R. Northern Division"
502,"63101 Balbriggan, D.M.R. Northern Division"
503,"63101 Balbriggan, D.M.R. Northern Division"
504,"66201 Ballyfermot, D.M.R. Western Division"
505,"66201 Ballyfermot, D.M.R. Western Division"
506,"66201 Ballyfermot, D.M.R. Western Division"
507,"66201 Ballyfermot, D.M.R. Western Division"
508,"66201 Ballyfermot, D.M.R. Western Division"
509,"66201 Ballyfermot, D.M.R. Western Division"
510,"66201 Ballyfermot, D.M.R. Western Division"
511,"66201 Ballyfermot, D.M.R. Western Division"
512,"66201 Ballyfermot, D.M.R. Western Division"
513,"66201 Ballyfermot, D.M.R. Western Division"
514,"66201 Ballyfermot, D.M.R. Western Division"
515,"66201 Ballyfermot, D.M.R. Western Division"
516,"63201 Ballymun, D.M.R. Northern Division"
517,"63201 Ballymun, D.M.R. Northern Division"
518,"63201 Ballymun, D.M.R. Northern Division"
519,"63201 Ballymun, D.M.R. Northern Division"
520,"63201 Ballymun, D.M.R. Northern Division"
521,"63201 Ballymun, D.M.R. Northern Division"
522,"63201 Ballymun, D.M.R. Northern Division"
523,"63201 Ballymun, D.M.R. Northern Division"
524,"63201 Ballymun, D.M.R. Northern Division"
525,"63201 Ballymun, D.M.R. Northern Division"
526,"63201 Ballymun, D.M.R. Northern Division"
527,"63201 Ballymun, D.M.R. Northern Division"
528,"65101 Blackrock, Co Dublin, D.M.R. Eastern Division"
529,"65101 Blackrock, Co Dublin, D.M.R. Eastern Division"
530,"65101 Blackrock, Co Dublin, D.M.R. Eastern Division"
531,"65101 Blackrock, Co Dublin, D.M.R. Eastern Division"
532,"65101 Blackrock, Co Dublin, D.M.R. Eastern Division"
533,"65101 Blackrock, Co Dublin, D.M.R. Eastern Division"
534,"65101 Blackrock, Co Dublin, D.M.R. Eastern Division"
535,"65101 Blackrock, Co Dublin, D.M.R. Eastern Division"
536,"65101 Blackrock, Co Dublin, D.M.R. Eastern Division"
537,"65101 Blackrock, Co Dublin, D.M.R. Eastern Division"
538,"65101 Blackrock, Co Dublin, D.M.R. Eastern Division"
539,"65101 Blackrock, Co Dublin, D.M.R. Eastern Division"
540,"66101 Blanchardstown, D.M.R. Western Division"
541,"66101 Blanchardstown, D.M.R. Western Division"
542,"66101 Blanchardstown, D.M.R. Western Division"
543,"66101 Blanchardstown, D.M.R. Western Division"
544,"66101 Blanchardstown, D.M.R. Western Division"
545,"66101 Blanchardstown, D.M.R. Western Division"
546,"66101 Blanchardstown, D.M.R. Western Division"
547,"66101 Blanchardstown, D.M.R. Western Division"
548,"66101 Blanchardstown, D.M.R. Western Division"
549,"66101 Blanchardstown, D.M.R. Western Division"
550,"66101 Blanchardstown, D.M.R. Western Division"
551,"66101 Blanchardstown, D.M.R. Western Division"
552,"62101 Bridewell Dublin, D.M.R. North Central Division"
553,"62101 Bridewell Dublin, D.M.R. North Central Division"
554,"62101 Bridewell Dublin, D.M.R. North Central Division"
555,"62101 Bridewell Dublin, D.M.R. North Central Division"
556,"62101 Bridewell Dublin, D.M.R. North Central Division"
557,"62101 Bridewell Dublin, D.M.R. North Central Division"
558,"62101 Bridewell Dublin, D.M.R. North Central Division"
559,"62101 Bridewell Dublin, D.M.R. North Central Division"
560,"62101 Bridewell Dublin, D.M.R. North Central Division"
561,"62101 Bridewell Dublin, D.M.R. North Central Division"
562,"62101 Bridewell Dublin, D.M.R. North Central Division"
563,"62101 Bridewell Dublin, D.M.R. North Central Division"
564,"65201 Cabinteely, D.M.R. Eastern Division"
565,"65201 Cabinteely, D.M.R. Eastern Division"
566,"65201 Cabinteely, D.M.R. Eastern Division"
567,"65201 Cabinteely, D.M.R. Eastern Division"
568,"65201 Cabinteely, D.M.R. Eastern Division"
569,"65201 Cabinteely, D.M.R. Eastern Division"
570,"65201 Cabinteely, D.M.R. Eastern Division"
571,"65201 Cabinteely, D.M.R. Eastern Division"
572,"65201 Cabinteely, D.M.R. Eastern Division"
573,"65201 Cabinteely, D.M.R. Eastern Division"
574,"65201 Cabinteely, D.M.R. Eastern Division"
575,"65201 Cabinteely, D.M.R. Eastern Division"
576,"66102 Cabra, D.M.R. Western Division"
577,"66102 Cabra, D.M.R. Western Division"
578,"66102 Cabra, D.M.R. Western Division"
579,"66102 Cabra, D.M.R. Western Division"
580,"66102 Cabra, D.M.R. Western Division"
581,"66102 Cabra, D.M.R. Western Division"
582,"66102 Cabra, D.M.R. Western Division"
583,"66102 Cabra, D.M.R. Western Division"
584,"66102 Cabra, D.M.R. Western Division"
585,"66102 Cabra, D.M.R. Western Division"
586,"66102 Cabra, D.M.R. Western Division"
587,"66102 Cabra, D.M.R. Western Division"
588,"66202 Clondalkin, D.M.R. Western Division"
589,"66202 Clondalkin, D.M.R. Western Division"
590,"66202 Clondalkin, D.M.R. Western Division"
591,"66202 Clondalkin, D.M.R. Western Division"
592,"66202 Clondalkin, D.M.R. Western Division"
593,"66202 Clondalkin, D.M.R. Western Division"
594,"66202 Clondalkin, D.M.R. Western Division"
595,"66202 Clondalkin, D.M.R. Western Division"
596,"66202 Clondalkin, D.M.R. Western Division"
597,"66202 Clondalkin, D.M.R. Western Division"
598,"66202 Clondalkin, D.M.R. Western Division"
599,"66202 Clondalkin, D.M.R. Western Division"
600,"63401 Clontarf, D.M.R. Northern Division"
601,"63401 Clontarf, D.M.R. Northern Division"
602,"63401 Clontarf, D.M.R. Northern Division"
603,"63401 Clontarf, D.M.R. Northern Division"
604,"63401 Clontarf, D.M.R. Northern Division"
605,"63401 Clontarf, D.M.R. Northern Division"
606,"63401 Clontarf, D.M.R. Northern Division"
607,"63401 Clontarf, D.M.R. Northern Division"
608,"63401 Clontarf, D.M.R. Northern Division"
609,"63401 Clontarf, D.M.R. Northern Division"
610,"63401 Clontarf, D.M.R. Northern Division"
611,"63401 Clontarf, D.M.R. Northern Division"
612,"63301 Coolock, D.M.R. Northern Division"
613,"63301 Coolock, D.M.R. Northern Division"
614,"63301 Coolock, D.M.R. Northern Division"
615,"63301 Coolock, D.M.R. Northern Division"
616,"63301 Coolock, D.M.R. Northern Division"
617,"63301 Coolock, D.M.R. Northern Division"
618,"63301 Coolock, D.M.R. Northern Division"
619,"63301 Coolock, D.M.R. Northern Division"
620,"63301 Coolock, D.M.R. Northern Division"
621,"63301 Coolock, D.M.R. Northern Division"
622,"63301 Coolock, D.M.R. Northern Division"
623,"63301 Coolock, D.M.R. Northern Division"
624,"64101 Crumlin, D.M.R. Southern Division"
625,"64101 Crumlin, D.M.R. Southern Division"
626,"64101 Crumlin, D.M.R. Southern Division"
627,"64101 Crumlin, D.M.R. Southern Division"
628,"64101 Crumlin, D.M.R. Southern Division"
629,"64101 Crumlin, D.M.R. Southern Division"
630,"64101 Crumlin, D.M.R. Southern Division"
631,"64101 Crumlin, D.M.R. Southern Division"
632,"64101 Crumlin, D.M.R. Southern Division"
633,"64101 Crumlin, D.M.R. Southern Division"
634,"64101 Crumlin, D.M.R. Southern Division"
635,"64101 Crumlin, D.M.R. Southern Division"
636,"61101 Donnybrook, D.M.R. South Central Division"
637,"61101 Donnybrook, D.M.R. South Central Division"
638,"61101 Donnybrook, D.M.R. South Central Division"
639,"61101 Donnybrook, D.M.R. South Central Division"
640,"61101 Donnybrook, D.M.R. South Central Division"
641,"61101 Donnybrook, D.M.R. South Central Division"
642,"61101 Donnybrook, D.M.R. South Central Division"
643,"61101 Donnybrook, D.M.R. South Central Division"
644,"61101 Donnybrook, D.M.R. South Central Division"
645,"61101 Donnybrook, D.M.R. South Central Division"
646,"61101 Donnybrook, D.M.R. South Central Division"
647,"61101 Donnybrook, D.M.R. South Central Division"
648,"63202 Dublin Airport, D.M.R. Northern Division"
649,"63202 Dublin Airport, D.M.R. Northern Division"
650,"63202 Dublin Airport, D.M.R. Northern Division"
651,"63202 Dublin Airport, D.M.R. Northern Division"
652,"63202 Dublin Airport, D.M.R. Northern Division"
653,"63202 Dublin Airport, D.M.R. Northern Division"
654,"63202 Dublin Airport, D.M.R. Northern Division"
655,"63202 Dublin Airport, D.M.R. Northern Division"
656,"63202 Dublin Airport, D.M.R. Northern Division"
657,"63202 Dublin Airport, D.M.R. Northern Division"
658,"63202 Dublin Airport, D.M.R. Northern Division"
659,"63202 Dublin Airport, D.M.R. Northern Division"
660,"65203 Dun Laoghaire, D.M.R. Eastern Division"
661,"65203 Dun Laoghaire, D.M.R. Eastern Division"
662,"65203 Dun Laoghaire, D.M.R. Eastern Division"
663,"65203 Dun Laoghaire, D.M.R. Eastern Division"
664,"65203 Dun Laoghaire, D.M.R. Eastern Division"
665,"65203 Dun Laoghaire, D.M.R. Eastern Division"
666,"65203 Dun Laoghaire, D.M.R. Eastern Division"
667,"65203 Dun Laoghaire, D.M.R. Eastern Division"
668,"65203 Dun Laoghaire, D.M.R. Eastern Division"
669,"65203 Dun Laoghaire, D.M.R. Eastern Division"
670,"65203 Dun Laoghaire, D.M.R. Eastern Division"
671,"65203 Dun Laoghaire, D.M.R. Eastern Division"
672,"65102 Dundrum, D.M.R. Eastern Division"
673,"65102 Dundrum, D.M.R. Eastern Division"
674,"65102 Dundrum, D.M.R. Eastern Division"
675,"65102 Dundrum, D.M.R. Eastern Division"
676,"65102 Dundrum, D.M.R. Eastern Division"
677,"65102 Dundrum, D.M.R. Eastern Division"
678,"65102 Dundrum, D.M.R. Eastern Division"
679,"65102 Dundrum, D.M.R. Eastern Division"
680,"65102 Dundrum, D.M.R. Eastern Division"
681,"65102 Dundrum, D.M.R. Eastern Division"
682,"65102 Dundrum, D.M.R. Eastern Division"
683,"65102 Dundrum, D.M.R. Eastern Division"
684,"66103 Finglas, D.M.R. Western Division"
685,"66103 Finglas, D.M.R. Western Division"
686,"66103 Finglas, D.M.R. Western Division"
687,"66103 Finglas, D.M.R. Western Division"
688,"66103 Finglas, D.M.R. Western Division"
689,"66103 Finglas, D.M.R. Western Division"
690,"66103 Finglas, D.M.R. Western Division"
691,"66103 Finglas, D.M.R. Western Division"
692,"66103 Finglas, D.M.R. Western Division"
693,"66103 Finglas, D.M.R. Western Division"
694,"66103 Finglas, D.M.R. Western Division"
695,"66103 Finglas, D.M.R. Western Division"
696,"62202 Fitzgibbon Street, D.M.R. North Central Division"
697,"62202 Fitzgibbon Street, D.M.R. North Central Division"
698,"62202 Fitzgibbon Street, D.M.R. North Central Division"
699,"62202 Fitzgibbon Street, D.M.R. North Central Division"
700,"62202 Fitzgibbon Street, D.M.R. North Central Division"
701,"62202 Fitzgibbon Street, D.M.R. North Central Division"
702,"62202 Fitzgibbon Street, D.M.R. North Central Division"
703,"62202 Fitzgibbon Street, D.M.R. North Central Division"
704,"62202 Fitzgibbon Street, D.M.R. North Central Division"
705,"62202 Fitzgibbon Street, D.M.R. North Central Division"
706,"62202 Fitzgibbon Street, D.M.R. North Central Division"
707,"62202 Fitzgibbon Street, D.M.R. North Central Division"
708,"63102 Garristown, D.M.R. Northern Division"
709,"63102 Garristown, D.M.R. Northern Division"
710,"63102 Garristown, D.M.R. Northern Division"
711,"63102 Garristown, D.M.R. Northern Division"
712,"63102 Garristown, D.M.R. Northern Division"
713,"63102 Garristown, D.M.R. Northern Division"
714,"63102 Garristown, D.M.R. Northern Division"
715,"63102 Garristown, D.M.R. Northern Division"
716,"63102 Garristown, D.M.R. Northern Division"
717,"63102 Garristown, D.M.R. Northern Division"
718,"63102 Garristown, D.M.R. Northern Division"
719,"63102 Garristown, D.M.R. Northern Division"
720,"63402 Howth, D.M.R. Northern Division"
721,"63402 Howth, D.M.R. Northern Division"
722,"63402 Howth, D.M.R. Northern Division"
723,"63402 Howth, D.M.R. Northern Division"
724,"63402 Howth, D.M.R. Northern Division"
725,"63402 Howth, D.M.R. Northern Division"
726,"63402 Howth, D.M.R. Northern Division"
727,"63402 Howth, D.M.R. Northern Division"
728,"63402 Howth, D.M.R. Northern Division"
729,"63402 Howth, D.M.R. Northern Division"
730,"63402 Howth, D.M.R. Northern Division"
731,"63402 Howth, D.M.R. Northern Division"
732,"61102 Irishtown, D.M.R. South Central Division"
733,"61102 Irishtown, D.M.R. South Central Division"
734,"61102 Irishtown, D.M.R. South Central Division"
735,"61102 Irishtown, D.M.R. South Central Division"
736,"61102 Irishtown, D.M.R. South Central Division"
737,"61102 Irishtown, D.M.R. South Central Division"
738,"61102 Irishtown, D.M.R. South Central Division"
739,"61102 Irishtown, D.M.R. South Central Division"
740,"61102 Irishtown, D.M.R. South Central Division"
741,"61102 Irishtown, D.M.R. South Central Division"
742,"61102 Irishtown, D.M.R. South Central Division"
743,"61102 Irishtown, D.M.R. South Central Division"
744,"61301 Kevin Street, D.M.R. South Central Division"
745,"61301 Kevin Street, D.M.R. South Central Division"
746,"61301 Kevin Street, D.M.R. South Central Division"
747,"61301 Kevin Street, D.M.R. South Central Division"
748,"61301 Kevin Street, D.M.R. South Central Division"
749,"61301 Kevin Street, D.M.R. South Central Division"
750,"61301 Kevin Street, D.M.R. South Central Division"
751,"61301 Kevin Street, D.M.R. South Central Division"
752,"61301 Kevin Street, D.M.R. South Central Division"
753,"61301 Kevin Street, D.M.R. South Central Division"
754,"61301 Kevin Street, D.M.R. South Central Division"
755,"61301 Kevin Street, D.M.R. South Central Division"
756,"61302 Kilmainham, D.M.R. South Central Division"
757,"61302 Kilmainham, D.M.R. South Central Division"
758,"61302 Kilmainham, D.M.R. South Central Division"
759,"61302 Kilmainham, D.M.R. South Central Division"
760,"61302 Kilmainham, D.M.R. South Central Division"
761,"61302 Kilmainham, D.M.R. South Central Division"
762,"61302 Kilmainham, D.M.R. South Central Division"
763,"61302 Kilmainham, D.M.R. South Central Division"
764,"61302 Kilmainham, D.M.R. South Central Division"
765,"61302 Kilmainham, D.M.R. South Central Division"
766,"61302 Kilmainham, D.M.R. South Central Division"
767,"61302 Kilmainham, D.M.R. South Central Division"
768,"66301 Lucan, D.M.R. Western Division"
769,"66301 Lucan, D.M.R. Western Division"
770,"66301 Lucan, D.M.R. Western Division"
771,"66301 Lucan, D.M.R. Western Division"
772,"66301 Lucan, D.M.R. Western Division"
773,"66301 Lucan, D.M.R. Western Division"
774,"66301 Lucan, D.M.R. Western Division"
775,"66301 Lucan, D.M.R. Western Division"
776,"66301 Lucan, D.M.R. Western Division"
777,"66301 Lucan, D.M.R. Western Division"
778,"66301 Lucan, D.M.R. Western Division"
779,"66301 Lucan, D.M.R. Western Division"
780,"63103 Lusk, D.M.R. Northern Division"
781,"63103 Lusk, D.M.R. Northern Division"
782,"63103 Lusk, D.M.R. Northern Division"
783,"63103 Lusk, D.M.R. Northern Division"
784,"63103 Lusk, D.M.R. Northern Division"
785,"63103 Lusk, D.M.R. Northern Division"
786,"63103 Lusk, D.M.R. Northern Division"
787,"63103 Lusk, D.M.R. Northern Division"
788,"63103 Lusk, D.M.R. Northern Division"
789,"63103 Lusk, D.M.R. Northern Division"
790,"63103 Lusk, D.M.R. Northern Division"
791,"63103 Lusk, D.M.R. Northern Division"
792,"63302 Malahide, D.M.R. Northern Division"
793,"63302 Malahide, D.M.R. Northern Division"
794,"63302 Malahide, D.M.R. Northern Division"
795,"63302 Malahide, D.M.R. Northern Division"
796,"63302 Malahide, D.M.R. Northern Division"
797,"63302 Malahide, D.M.R. Northern Division"
798,"63302 Malahide, D.M.R. Northern Division"
799,"63302 Malahide, D.M.R. Northern Division"
800,"63302 Malahide, D.M.R. Northern Division"
801,"63302 Malahide, D.M.R. Northern Division"
802,"63302 Malahide, D.M.R. Northern Division"
803,"63302 Malahide, D.M.R. Northern Division"
804,"62203 Mountjoy, D.M.R. North Central Division"
805,"62203 Mountjoy, D.M.R. North Central Division"
806,"62203 Mountjoy, D.M.R. North Central Division"
807,"62203 Mountjoy, D.M.R. North Central Division"
808,"62203 Mountjoy, D.M.R. North Central Division"
809,"62203 Mountjoy, D.M.R. North Central Division"
810,"62203 Mountjoy, D.M.R. North Central Division"
811,"62203 Mountjoy, D.M.R. North Central Division"
812,"62203 Mountjoy, D.M.R. North Central Division"
813,"62203 Mountjoy, D.M.R. North Central Division"
814,"62203 Mountjoy, D.M.R. North Central Division"
815,"62203 Mountjoy, D.M.R. North Central Division"
816,"61202 Pearse Street, D.M.R. South Central Division"
817,"61202 Pearse Street, D.M.R. South Central Division"
818,"61202 Pearse Street, D.M.R. South Central Division"
819,"61202 Pearse Street, D.M.R. South Central Division"
820,"61202 Pearse Street, D.M.R. South Central Division"
821,"61202 Pearse Street, D.M.R. South Central Division"
822,"61202 Pearse Street, D.M.R. South Central Division"
823,"61202 Pearse Street, D.M.R. South Central Division"
824,"61202 Pearse Street, D.M.R. South Central Division"
825,"61202 Pearse Street, D.M.R. South Central Division"
826,"61202 Pearse Street, D.M.R. South Central Division"
827,"61202 Pearse Street, D.M.R. South Central Division"
828,"63403 Raheny, D.M.R. Northern Division"
829,"63403 Raheny, D.M.R. Northern Division"
830,"63403 Raheny, D.M.R. Northern Division"
831,"63403 Raheny, D.M.R. Northern Division"
832,"63403 Raheny, D.M.R. Northern Division"
833,"63403 Raheny, D.M.R. Northern Division"
834,"63403 Raheny, D.M.R. Northern Division"
835,"63403 Raheny, D.M.R. Northern Division"
836,"63403 Raheny, D.M.R. Northern Division"
837,"63403 Raheny, D.M.R. Northern Division"
838,"63403 Raheny, D.M.R. Northern Division"
839,"63403 Raheny, D.M.R. Northern Division"
840,"66203 Rathcoole, D.M.R. Western Division"
841,"66203 Rathcoole, D.M.R. Western Division"
842,"66203 Rathcoole, D.M.R. Western Division"
843,"66203 Rathcoole, D.M.R. Western Division"
844,"66203 Rathcoole, D.M.R. Western Division"
845,"66203 Rathcoole, D.M.R. Western Division"
846,"66203 Rathcoole, D.M.R. Western Division"
847,"66203 Rathcoole, D.M.R. Western Division"
848,"66203 Rathcoole, D.M.R. Western Division"
849,"66203 Rathcoole, D.M.R. Western Division"
850,"66203 Rathcoole, D.M.R. Western Division"
851,"66203 Rathcoole, D.M.R. Western Division"
852,"64201 Rathfarnham, D.M.R. Southern Division"
853,"64201 Rathfarnham, D.M.R. Southern Division"
854,"64201 Rathfarnham, D.M.R. Southern Division"
855,"64201 Rathfarnham, D.M.R. Southern Division"
856,"64201 Rathfarnham, D.M.R. Southern Division"
857,"64201 Rathfarnham, D.M.R. Southern Division"
858,"64201 Rathfarnham, D.M.R. Southern Division"
859,"64201 Rathfarnham, D.M.R. Southern Division"
860,"64201 Rathfarnham, D.M.R. Southern Division"
861,"64201 Rathfarnham, D.M.R. Southern Division"
862,"64201 Rathfarnham, D.M.R. Southern Division"
863,"64201 Rathfarnham, D.M.R. Southern Division"
864,"64301 Rathmines, D.M.R. Southern Division"
865,"64301 Rathmines, D.M.R. Southern Division"
866,"64301 Rathmines, D.M.R. Southern Division"
867,"64301 Rathmines, D.M.R. Southern Division"
868,"64301 Rathmines, D.M.R. Southern Division"
869,"64301 Rathmines, D.M.R. Southern Division"
870,"64301 Rathmines, D.M.R. Southern Division"
871,"64301 Rathmines, D.M.R. Southern Division"
872,"64301 Rathmines, D.M.R. Southern Division"
873,"64301 Rathmines, D.M.R. Southern Division"
874,"64301 Rathmines, D.M.R. Southern Division"
875,"64301 Rathmines, D.M.R. Southern Division"
876,"66302 Ronanstown, D.M.R. Western Division"
877,"66302 Ronanstown, D.M.R. Western Division"
878,"66302 Ronanstown, D.M.R. Western Division"
879,"66302 Ronanstown, D.M.R. Western Division"
880,"66302 Ronanstown, D.M.R. Western Division"
881,"66302 Ronanstown, D.M.R. Western Division"
882,"66302 Ronanstown, D.M.R. Western Division"
883,"66302 Ronanstown, D.M.R. Western Division"
884,"66302 Ronanstown, D.M.R. Western Division"
885,"66302 Ronanstown, D.M.R. Western Division"
886,"66302 Ronanstown, D.M.R. Western Division"
887,"66302 Ronanstown, D.M.R. Western Division"
888,"63203 Santry, D.M.R. Northern Division"
889,"63203 Santry, D.M.R. Northern Division"
890,"63203 Santry, D.M.R. Northern Division"
891,"63203 Santry, D.M.R. Northern Division"
892,"63203 Santry, D.M.R. Northern Division"
893,"63203 Santry, D.M.R. Northern Division"
894,"63203 Santry, D.M.R. Northern Division"
895,"63203 Santry, D.M.R. Northern Division"
896,"63203 Santry, D.M.R. Northern Division"
897,"63203 Santry, D.M.R. Northern Division"
898,"63203 Santry, D.M.R. Northern Division"
899,"63203 Santry, D.M.R. Northern Division"
900,"65205 Shankill, D.M.R. Eastern Division"
901,"65205 Shankill, D.M.R. Eastern Division"
902,"65205 Shankill, D.M.R. Eastern Division"
903,"65205 Shankill, D.M.R. Eastern Division"
904,"65205 Shankill, D.M.R. Eastern Division"
905,"65205 Shankill, D.M.R. Eastern Division"
906,"65205 Shankill, D.M.R. Eastern Division"
907,"65205 Shankill, D.M.R. Eastern Division"
908,"65205 Shankill, D.M.R. Eastern Division"
909,"65205 Shankill, D.M.R. Eastern Division"
910,"65205 Shankill, D.M.R. Eastern Division"
911,"65205 Shankill, D.M.R. Eastern Division"
912,"63105 Skerries, D.M.R. Northern Division"
913,"63105 Skerries, D.M.R. Northern Division"
914,"63105 Skerries, D.M.R. Northern Division"
915,"63105 Skerries, D.M.R. Northern Division"
916,"63105 Skerries, D.M.R. Northern Division"
917,"63105 Skerries, D.M.R. Northern Division"
918,"63105 Skerries, D.M.R. Northern Division"
919,"63105 Skerries, D.M.R. Northern Division"
920,"63105 Skerries, D.M.R. Northern Division"
921,"63105 Skerries, D.M.R. Northern Division"
922,"63105 Skerries, D.M.R. Northern Division"
923,"63105 Skerries, D.M.R. Northern Division"
924,"62301 Store Street, D.M.R. North Central Division"
925,"62301 Store Street, D.M.R. North Central Division"
926,"62301 Store Street, D.M.R. North Central Division"
927,"62301 Store Street, D.M.R. North Central Division"
928,"62301 Store Street, D.M.R. North Central Division"
929,"62301 Store Street, D.M.R. North Central Division"
930,"62301 Store Street, D.M.R. North Central Division"
931,"62301 Store Street, D.M.R. North Central Division"
932,"62301 Store Street, D.M.R. North Central Division"
933,"62301 Store Street, D.M.R. North Central Division"
934,"62301 Store Street, D.M.R. North Central Division"
935,"62301 Store Street, D.M.R. North Central Division"
936,"64102 Sundrive Road, D.M.R. Southern Division"
937,"64102 Sundrive Road, D.M.R. Southern Division"
938,"64102 Sundrive Road, D.M.R. Southern Division"
939,"64102 Sundrive Road, D.M.R. Southern Division"
940,"64102 Sundrive Road, D.M.R. Southern Division"
941,"64102 Sundrive Road, D.M.R. Southern Division"
942,"64102 Sundrive Road, D.M.R. Southern Division"
943,"64102 Sundrive Road, D.M.R. Southern Division"
944,"64102 Sundrive Road, D.M.R. Southern Division"
945,"64102 Sundrive Road, D.M.R. Southern Division"
946,"64102 Sundrive Road, D.M.R. Southern Division"
947,"64102 Sundrive Road, D.M.R. Southern Division"
948,"63303 Swords, D.M.R. Northern Division"
949,"63303 Swords, D.M.R. Northern Division"
950,"63303 Swords, D.M.R. Northern Division"
951,"63303 Swords, D.M.R. Northern Division"
952,"63303 Swords, D.M.R. Northern Division"
953,"63303 Swords, D.M.R. Northern Division"
954,"63303 Swords, D.M.R. Northern Division"
955,"63303 Swords, D.M.R. Northern Division"
956,"63303 Swords, D.M.R. Northern Division"
957,"63303 Swords, D.M.R. Northern Division"
958,"63303 Swords, D.M.R. Northern Division"
959,"63303 Swords, D.M.R. Northern Division"
960,"64202 Tallaght, D.M.R. Southern Division"
961,"64202 Tallaght, D.M.R. Southern Division"
962,"64202 Tallaght, D.M.R. Southern Division"
963,"64202 Tallaght, D.M.R. Southern Division"
964,"64202 Tallaght, D.M.R. Southern Division"
965,"64202 Tallaght, D.M.R. Southern Division"
966,"64202 Tallaght, D.M.R. Southern Division"
967,"64202 Tallaght, D.M.R. Southern Division"
968,"64202 Tallaght, D.M.R. Southern Division"
969,"64202 Tallaght, D.M.R. Southern Division"
970,"64202 Tallaght, D.M.R. Southern Division"
971,"64202 Tallaght, D.M.R. Southern Division"
972,"64302 Terenure, D.M.R. Southern Division"
973,"64302 Terenure, D.M.R. Southern Division"
974,"64302 Terenure, D.M.R. Southern Division"
975,"64302 Terenure, D.M.R. Southern Division"
976,"64302 Terenure, D.M.R. Southern Division"
977,"64302 Terenure, D.M.R. Southern Division"
978,"64302 Terenure, D.M.R. Southern Division"
979,"64302 Terenure, D.M.R. Southern Division"
980,"64302 Terenure, D.M.R. Southern Division"
981,"64302 Terenure, D.M.R. Southern Division"
982,"64302 Terenure, D.M.R. Southern Division"
983,"64302 Terenure, D.M.R. Southern Division"
984,"63101 Balbriggan, D.M.R. Northern Division"
985,"63101 Balbriggan, D.M.R. Northern Division"
986,"63101 Balbriggan, D.M.R. Northern Division"
987,"63101 Balbriggan, D.M.R. Northern Division"
988,"63101 Balbriggan, D.M.R. Northern Division"
989,"63101 Balbriggan, D.M.R. Northern Division"
990,"63101 Balbriggan, D.M.R. Northern Division"
991,"63101 Balbriggan, D.M.R. Northern Division"
992,"63101 Balbriggan, D.M.R. Northern Division"
993,"63101 Balbriggan, D.M.R. Northern Division"
994,"63101 Balbriggan, D.M.R. Northern Division"
995,"63101 Balbriggan, D.M.R. Northern Division"
996,"66201 Ballyfermot, D.M.R. Western Division"
997,"66201 Ballyfermot, D.M.R. Western Division"
998,"66201 Ballyfermot, D.M.R. Western Division"
999,"66201 Ballyfermot, D.M.R. Western Division"
1000,"66201 Ballyfermot, D.M.R. Western Division"
1001,"66201 Ballyfermot, D.M.R. Western Division"
1002,"66201 Ballyfermot, D.M.R. Western Division"
1003,"66201 Ballyfermot, D.M.R. Western Division"
1004,"66201 Ballyfermot, D.M.R. Western Division"
1005,"66201 Ballyfermot, D.M.R. Western Division"
1006,"66201 Ballyfermot, D.M.R. Western Division"
1007,"66201 Ballyfermot, D.M.R. Western Division"
1008,"63201 Ballymun, D.M.R. Northern Division"
1009,"63201 Ballymun, D.M.R. Northern Division"
1010,"63201 Ballymun, D.M.R. Northern Division"
1011,"63201 Ballymun, D.M.R. Northern Division"
1012,"63201 Ballymun, D.M.R. Northern Division"
1013,"63201 Ballymun, D.M.R. Northern Division"
1014,"63201 Ballymun, D.M.R. Northern Division"
1015,"63201 Ballymun, D.M.R. Northern Division"
1016,"63201 Ballymun, D.M.R. Northern Division"
1017,"63201 Ballymun, D.M.R. Northern Division"
1018,"63201 Ballymun, D.M.R. Northern Division"
1019,"63201 Ballymun, D.M.R. Northern Division"
1020,"65101 Blackrock, Co Dublin, D.M.R. Eastern Division"
1021,"65101 Blackrock, Co Dublin, D.M.R. Eastern Division"
1022,"65101 Blackrock, Co Dublin, D.M.R. Eastern Division"
1023,"65101 Blackrock, Co Dublin, D.M.R. Eastern Division"
1024,"65101 Blackrock, Co Dublin, D.M.R. Eastern Division"
1025,"65101 Blackrock, Co Dublin, D.M.R. Eastern Division"
1026,"65101 Blackrock, Co Dublin, D.M.R. Eastern Division"
1027,"65101 Blackrock, Co Dublin, D.M.R. Eastern Division"
1028,"65101 Blackrock, Co Dublin, D.M.R. Eastern Division"
1029,"65101 Blackrock, Co Dublin, D.M.R. Eastern Division"
1030,"65101 Blackrock, Co Dublin, D.M.R. Eastern Division"
1031,"65101 Blackrock, Co Dublin, D.M.R. Eastern Division"
1032,"66101 Blanchardstown, D.M.R. Western Division"
1033,"66101 Blanchardstown, D.M.R. Western Division"
1034,"66101 Blanchardstown, D.M.R. Western Division"
1035,"66101 Blanchardstown, D.M.R. Western Division"
1036,"66101 Blanchardstown, D.M.R. Western Division"
1037,"66101 Blanchardstown, D.M.R. Western Division"
1038,"66101 Blanchardstown, D.M.R. Western Division"
1039,"66101 Blanchardstown, D.M.R. Western Division"
1040,"66101 Blanchardstown, D.M.R. Western Division"
1041,"66101 Blanchardstown, D.M.R. Western Division"
1042,"66101 Blanchardstown, D.M.R. Western Division"
1043,"66101 Blanchardstown, D.M.R. Western Division"
1044,"62101 Bridewell Dublin, D.M.R. North Central Division"
1045,"62101 Bridewell Dublin, D.M.R. North Central Division"
1046,"62101 Bridewell Dublin, D.M.R. North Central Division"
1047,"62101 Bridewell Dublin, D.M.R. North Central Division"
1048,"62101 Bridewell Dublin, D.M.R. North Central Division"
1049,"62101 Bridewell Dublin, D.M.R. North Central Division"
1050,"62101 Bridewell Dublin, D.M.R. North Central Division"
1051,"62101 Bridewell Dublin, D.M.R. North Central Division"
1052,"62101 Bridewell Dublin, D.M.R. North Central Division"
1053,"62101 Bridewell Dublin, D.M.R. North Central Division"
1054,"62101 Bridewell Dublin, D.M.R. North Central Division"
1055,"62101 Bridewell Dublin, D.M.R. North Central Division"
1056,"65201 Cabinteely, D.M.R. Eastern Division"
1057,"65201 Cabinteely, D.M.R. Eastern Division"
1058,"65201 Cabinteely, D.M.R. Eastern Division"
1059,"65201 Cabinteely, D.M.R. Eastern Division"
1060,"65201 Cabinteely, D.M.R. Eastern Division"
1061,"65201 Cabinteely, D.M.R. Eastern Division"
1062,"65201 Cabinteely, D.M.R. Eastern Division"
1063,"65201 Cabinteely, D.M.R. Eastern Division"
1064,"65201 Cabinteely, D.M.R. Eastern Division"
1065,"65201 Cabinteely, D.M.R. Eastern Division"
1066,"65201 Cabinteely, D.M.R. Eastern Division"
1067,"65201 Cabinteely, D.M.R. Eastern Division"
1068,"66102 Cabra, D.M.R. Western Division"
1069,"66102 Cabra, D.M.R. Western Division"
1070,"66102 Cabra, D.M.R. Western Division"
1071,"66102 Cabra, D.M.R. Western Division"
1072,"66102 Cabra, D.M.R. Western Division"
1073,"66102 Cabra, D.M.R. Western Division"
1074,"66102 Cabra, D.M.R. Western Division"
1075,"66102 Cabra, D.M.R. Western Division"
1076,"66102 Cabra, D.M.R. Western Division"
1077,"66102 Cabra, D.M.R. Western Division"
1078,"66102 Cabra, D.M.R. Western Division"
1079,"66102 Cabra, D.M.R. Western Division"
1080,"66202 Clondalkin, D.M.R. Western Division"
1081,"66202 Clondalkin, D.M.R. Western Division"
1082,"66202 Clondalkin, D.M.R. Western Division"
1083,"66202 Clondalkin, D.M.R. Western Division"
1084,"66202 Clondalkin, D.M.R. Western Division"
1085,"66202 Clondalkin, D.M.R. Western Division"
1086,"66202 Clondalkin, D.M.R. Western Division"
1087,"66202 Clondalkin, D.M.R. Western Division"
1088,"66202 Clondalkin, D.M.R. Western Division"
1089,"66202 Clondalkin, D.M.R. Western Division"
1090,"66202 Clondalkin, D.M.R. Western Division"
1091,"66202 Clondalkin, D.M.R. Western Division"
1092,"63401 Clontarf, D.M.R. Northern Division"
1093,"63401 Clontarf, D.M.R. Northern Division"
1094,"63401 Clontarf, D.M.R. Northern Division"
1095,"63401 Clontarf, D.M.R. Northern Division"
1096,"63401 Clontarf, D.M.R. Northern Division"
1097,"63401 Clontarf, D.M.R. Northern Division"
1098,"63401 Clontarf, D.M.R. Northern Division"
1099,"63401 Clontarf, D.M.R. Northern Division"
1100,"63401 Clontarf, D.M.R. Northern Division"
1101,"63401 Clontarf, D.M.R. Northern Division"
1102,"63401 Clontarf, D.M.R. Northern Division"
1103,"63401 Clontarf, D.M.R. Northern Division"
1104,"63301 Coolock, D.M.R. Northern Division"
1105,"63301 Coolock, D.M.R. Northern Division"
1106,"63301 Coolock, D.M.R. Northern Division"
1107,"63301 Coolock, D.M.R. Northern Division"
1108,"63301 Coolock, D.M.R. Northern Division"
1109,"63301 Coolock, D.M.R. Northern Division"
1110,"63301 Coolock, D.M.R. Northern Division"
1111,"63301 Coolock, D.M.R. Northern Division"
1112,"63301 Coolock, D.M.R. Northern Division"
1113,"63301 Coolock, D.M.R. Northern Division"
1114,"63301 Coolock, D.M.R. Northern Division"
1115,"63301 Coolock, D.M.R. Northern Division"
1116,"64101 Crumlin, D.M.R. Southern Division"
1117,"64101 Crumlin, D.M.R. Southern Division"
1118,"64101 Crumlin, D.M.R. Southern Division"
1119,"64101 Crumlin, D.M.R. Southern Division"
1120,"64101 Crumlin, D.M.R. Southern Division"
1121,"64101 Crumlin, D.M.R. Southern Division"
1122,"64101 Crumlin, D.M.R. Southern Division"
1123,"64101 Crumlin, D.M.R. Southern Division"
1124,"64101 Crumlin, D.M.R. Southern Division"
1125,"64101 Crumlin, D.M.R. Southern Division"
1126,"64101 Crumlin, D.M.R. Southern Division"
1127,"64101 Crumlin, D.M.R. Southern Division"
1128,"61101 Donnybrook, D.M.R. South Central Division"
1129,"61101 Donnybrook, D.M.R. South Central Division"
1130,"61101 Donnybrook, D.M.R. South Central Division"
1131,"61101 Donnybrook, D.M.R. South Central Division"
1132,"61101 Donnybrook, D.M.R. South Central Division"
1133,"61101 Donnybrook, D.M.R. South Central Division"
1134,"61101 Donnybrook, D.M.R. South Central Division"
1135,"61101 Donnybrook, D.M.R. South Central Division"
1136,"61101 Donnybrook, D.M.R. South Central Division"
1137,"61101 Donnybrook, D.M.R. South Central Division"
1138,"61101 Donnybrook, D.M.R. South Central Division"
1139,"61101 Donnybrook, D.M.R. South Central Division"
1140,"63202 Dublin Airport, D.M.R. Northern Division"
1141,"63202 Dublin Airport, D.M.R. Northern Division"
1142,"63202 Dublin Airport, D.M.R. Northern Division"
1143,"63202 Dublin Airport, D.M.R. Northern Division"
1144,"63202 Dublin Airport, D.M.R. Northern Division"
1145,"63202 Dublin Airport, D.M.R. Northern Division"
1146,"63202 Dublin Airport, D.M.R. Northern Division"
1147,"63202 Dublin Airport, D.M.R. Northern Division"
1148,"63202 Dublin Airport, D.M.R. Northern Division"
1149,"63202 Dublin Airport, D.M.R. Northern Division"
1150,"63202 Dublin Airport, D.M.R. Northern Division"
1151,"63202 Dublin Airport, D.M.R. Northern Division"
1152,"65203 Dun Laoghaire, D.M.R. Eastern Division"
1153,"65203 Dun Laoghaire, D.M.R. Eastern Division"
1154,"65203 Dun Laoghaire, D.M.R. Eastern Division"
1155,"65203 Dun Laoghaire, D.M.R. Eastern Division"
1156,"65203 Dun Laoghaire, D.M.R. Eastern Division"
1157,"65203 Dun Laoghaire, D.M.R. Eastern Division"
1158,"65203 Dun Laoghaire, D.M.R. Eastern Division"
1159,"65203 Dun Laoghaire, D.M.R. Eastern Division"
1160,"65203 Dun Laoghaire, D.M.R. Eastern Division"
1161,"65203 Dun Laoghaire, D.M.R. Eastern Division"
1162,"65203 Dun Laoghaire, D.M.R. Eastern Division"
1163,"65203 Dun Laoghaire, D.M.R. Eastern Division"
1164,"65102 Dundrum, D.M.R. Eastern Division"
1165,"65102 Dundrum, D.M.R. Eastern Division"
1166,"65102 Dundrum, D.M.R. Eastern Division"
1167,"65102 Dundrum, D.M.R. Eastern Division"
1168,"65102 Dundrum, D.M.R. Eastern Division"
1169,"65102 Dundrum, D.M.R. Eastern Division"
1170,"65102 Dundrum, D.M.R. Eastern Division"
1171,"65102 Dundrum, D.M.R. Eastern Division"
1172,"65102 Dundrum, D.M.R. Eastern Division"
1173,"65102 Dundrum, D.M.R. Eastern Division"
1174,"65102 Dundrum, D.M.R. Eastern Division"
1175,"65102 Dundrum, D.M.R. Eastern Division"
1176,"66103 Finglas, D.M.R. Western Division"
1177,"66103 Finglas, D.M.R. Western Division"
1178,"66103 Finglas, D.M.R. Western Division"
1179,"66103 Finglas, D.M.R. Western Division"
1180,"66103 Finglas, D.M.R. Western Division"
1181,"66103 Finglas, D.M.R. Western Division"
1182,"66103 Finglas, D.M.R. Western Division"
1183,"66103 Finglas, D.M.R. Western Division"
1184,"66103 Finglas, D.M.R. Western Division"
1185,"66103 Finglas, D.M.R. Western Division"
1186,"66103 Finglas, D.M.R. Western Division"
1187,"66103 Finglas, D.M.R. Western Division"
1188,"62202 Fitzgibbon Street, D.M.R. North Central Division"
1189,"62202 Fitzgibbon Street, D.M.R. North Central Division"
1190,"62202 Fitzgibbon Street, D.M.R. North Central Division"
1191,"62202 Fitzgibbon Street, D.M.R. North Central Division"
1192,"62202 Fitzgibbon Street, D.M.R. North Central Division"
1193,"62202 Fitzgibbon Street, D.M.R. North Central Division"
1194,"62202 Fitzgibbon Street, D.M.R. North Central Division"
1195,"62202 Fitzgibbon Street, D.M.R. North Central Division"
1196,"62202 Fitzgibbon Street, D.M.R. North Central Division"
1197,"62202 Fitzgibbon Street, D.M.R. North Central Division"
1198,"62202 Fitzgibbon Street, D.M.R. North Central Division"
1199,"62202 Fitzgibbon Street, D.M.R. North Central Division"
1200,"63102 Garristown, D.M.R. Northern Division"
1201,"63102 Garristown, D.M.R. Northern Division"
1202,"63102 Garristown, D.M.R. Northern Division"
1203,"63102 Garristown, D.M.R. Northern Division"
1204,"63102 Garristown, D.M.R. Northern Division"
1205,"63102 Garristown, D.M.R. Northern Division"
1206,"63102 Garristown, D.M.R. Northern Division"
1207,"63102 Garristown, D.M.R. Northern Division"
1208,"63102 Garristown, D.M.R. Northern Division"
1209,"63102 Garristown, D.M.R. Northern Division"
1210,"63102 Garristown, D.M.R. Northern Division"
1211,"63102 Garristown, D.M.R. Northern Division"
1212,"63402 Howth, D.M.R. Northern Division"
1213,"63402 Howth, D.M.R. Northern Division"
1214,"63402 Howth, D.M.R. Northern Division"
1215,"63402 Howth, D.M.R. Northern Division"
1216,"63402 Howth, D.M.R. Northern Division"
1217,"63402 Howth, D.M.R. Northern Division"
1218,"63402 Howth, D.M.R. Northern Division"
1219,"63402 Howth, D.M.R. Northern Division"
1220,"63402 Howth, D.M.R. Northern Division"
1221,"63402 Howth, D.M.R. Northern Division"
1222,"63402 Howth, D.M.R. Northern Division"
1223,"63402 Howth, D.M.R. Northern Division"
1224,"61102 Irishtown, D.M.R. South Central Division"
1225,"61102 Irishtown, D.M.R. South Central Division"
1226,"61102 Irishtown, D.M.R. South Central Division"
1227,"61102 Irishtown, D.M.R. South Central Division"
1228,"61102 Irishtown, D.M.R. South Central Division"
1229,"61102 Irishtown, D.M.R. South Central Division"
1230,"61102 Irishtown, D.M.R. South Central Division"
1231,"61102 Irishtown, D.M.R. South Central Division"
1232,"61102 Irishtown, D.M.R. South Central Division"
1233,"61102 Irishtown, D.M.R. South Central Division"
1234,"61102 Irishtown, D.M.R. South Central Division"
1235,"61102 Irishtown, D.M.R. South Central Division"
1236,"61301 Kevin Street, D.M.R. South Central Division"
1237,"61301 Kevin Street, D.M.R. South Central Division"
1238,"61301 Kevin Street, D.M.R. South Central Division"
1239,"61301 Kevin Street, D.M.R. South Central Division"
1240,"61301 Kevin Street, D.M.R. South Central Division"
1241,"61301 Kevin Street, D.M.R. South Central Division"
1242,"61301 Kevin Street, D.M.R. South Central Division"
1243,"61301 Kevin Street, D.M.R. South Central Division"
1244,"61301 Kevin Street, D.M.R. South Central Division"
1245,"61301 Kevin Street, D.M.R. South Central Division"
1246,"61301 Kevin Street, D.M.R. South Central Division"
1247,"61301 Kevin Street, D.M.R. South Central Division"
1248,"61302 Kilmainham, D.M.R. South Central Division"
1249,"61302 Kilmainham, D.M.R. South Central Division"
1250,"61302 Kilmainham, D.M.R. South Central Division"
1251,"61302 Kilmainham, D.M.R. South Central Division"
1252,"61302 Kilmainham, D.M.R. South Central Division"
1253,"61302 Kilmainham, D.M.R. South Central Division"
1254,"61302 Kilmainham, D.M.R. South Central Division"
1255,"61302 Kilmainham, D.M.R. South Central Division"
1256,"61302 Kilmainham, D.M.R. South Central Division"
1257,"61302 Kilmainham, D.M.R. South Central Division"
1258,"61302 Kilmainham, D.M.R. South Central Division"
1259,"61302 Kilmainham, D.M.R. South Central Division"
1260,"66301 Lucan, D.M.R. Western Division"
1261,"66301 Lucan, D.M.R. Western Division"
1262,"66301 Lucan, D.M.R. Western Division"
1263,"66301 Lucan, D.M.R. Western Division"
1264,"66301 Lucan, D.M.R. Western Division"
1265,"66301 Lucan, D.M.R. Western Division"
1266,"66301 Lucan, D.M.R. Western Division"
1267,"66301 Lucan, D.M.R. Western Division"
1268,"66301 Lucan, D.M.R. Western Division"
1269,"66301 Lucan, D.M.R. Western Division"
1270,"66301 Lucan, D.M.R. Western Division"
1271,"66301 Lucan, D.M.R. Western Division"
1272,"63103 Lusk, D.M.R. Northern Division"
1273,"63103 Lusk, D.M.R. Northern Division"
1274,"63103 Lusk, D.M.R. Northern Division"
1275,"63103 Lusk, D.M.R. Northern Division"
1276,"63103 Lusk, D.M.R. Northern Division"
1277,"63103 Lusk, D.M.R. Northern Division"
1278,"63103 Lusk, D.M.R. Northern Division"
1279,"63103 Lusk, D.M.R. Northern Division"
1280,"63103 Lusk, D.M.R. Northern Division"
1281,"63103 Lusk, D.M.R. Northern Division"
1282,"63103 Lusk, D.M.R. Northern Division"
1283,"63103 Lusk, D.M.R. Northern Division"
1284,"63302 Malahide, D.M.R. Northern Division"
1285,"63302 Malahide, D.M.R. Northern Division"
1286,"63302 Malahide, D.M.R. Northern Division"
1287,"63302 Malahide, D.M.R. Northern Division"
1288,"63302 Malahide, D.M.R. Northern Division"
1289,"63302 Malahide, D.M.R. Northern Division"
1290,"63302 Malahide, D.M.R. Northern Division"
1291,"63302 Malahide, D.M.R. Northern Division"
1292,"63302 Malahide, D.M.R. Northern Division"
1293,"63302 Malahide, D.M.R. Northern Division"
1294,"63302 Malahide, D.M.R. Northern Division"
1295,"63302 Malahide, D.M.R. Northern Division"
1296,"62203 Mountjoy, D.M.R. North Central Division"
1297,"62203 Mountjoy, D.M.R. North Central Division"
1298,"62203 Mountjoy, D.M.R. North Central Division"
1299,"62203 Mountjoy, D.M.R. North Central Division"
1300,"62203 Mountjoy, D.M.R. North Central Division"
1301,"62203 Mountjoy, D.M.R. North Central Division"
1302,"62203 Mountjoy, D.M.R. North Central Division"
1303,"62203 Mountjoy, D.M.R. North Central Division"
1304,"62203 Mountjoy, D.M.R. North Central Division"
1305,"62203 Mountjoy, D.M.R. North Central Division"
1306,"62203 Mountjoy, D.M.R. North Central Division"
1307,"62203 Mountjoy, D.M.R. North Central Division"
1308,"61202 Pearse Street, D.M.R. South Central Division"
1309,"61202 Pearse Street, D.M.R. South Central Division"
1310,"61202 Pearse Street, D.M.R. South Central Division"
1311,"61202 Pearse Street, D.M.R. South Central Division"
1312,"61202 Pearse Street, D.M.R. South Central Division"
1313,"61202 Pearse Street, D.M.R. South Central Division"
1314,"61202 Pearse Street, D.M.R. South Central Division"
1315,"61202 Pearse Street, D.M.R. South Central Division"
1316,"61202 Pearse Street, D.M.R. South Central Division"
1317,"61202 Pearse Street, D.M.R. South Central Division"
1318,"61202 Pearse Street, D.M.R. South Central Division"
1319,"61202 Pearse Street, D.M.R. South Central Division"
1320,"63403 Raheny, D.M.R. Northern Division"
1321,"63403 Raheny, D.M.R. Northern Division"
1322,"63403 Raheny, D.M.R. Northern Division"
1323,"63403 Raheny, D.M.R. Northern Division"
1324,"63403 Raheny, D.M.R. Northern Division"
1325,"63403 Raheny, D.M.R. Northern Division"
1326,"63403 Raheny, D.M.R. Northern Division"
1327,"63403 Raheny, D.M.R. Northern Division"
1328,"63403 Raheny, D.M.R. Northern Division"
1329,"63403 Raheny, D.M.R. Northern Division"
1330,"63403 Raheny, D.M.R. Northern Division"
1331,"63403 Raheny, D.M.R. Northern Division"
1332,"66203 Rathcoole, D.M.R. Western Division"
1333,"66203 Rathcoole, D.M.R. Western Division"
1334,"66203 Rathcoole, D.M.R. Western Division"
1335,"66203 Rathcoole, D.M.R. Western Division"
1336,"66203 Rathcoole, D.M.R. Western Division"
1337,"66203 Rathcoole, D.M.R. Western Division"
1338,"66203 Rathcoole, D.M.R. Western Division"
1339,"66203 Rathcoole, D.M.R. Western Division"
1340,"66203 Rathcoole, D.M.R. Western Division"
1341,"66203 Rathcoole, D.M.R. Western Division"
1342,"66203 Rathcoole, D.M.R. Western Division"
1343,"66203 Rathcoole, D.M.R. Western Division"
1344,"64201 Rathfarnham, D.M.R. Southern Division"
1345,"64201 Rathfarnham, D.M.R. Southern Division"
1346,"64201 Rathfarnham, D.M.R. Southern Division"
1347,"64201 Rathfarnham, D.M.R. Southern Division"
1348,"64201 Rathfarnham, D.M.R. Southern Division"
1349,"64201 Rathfarnham, D.M.R. Southern Division"
1350,"64201 Rathfarnham, D.M.R. Southern Division"
1351,"64201 Rathfarnham, D.M.R. Southern Division"
1352,"64201 Rathfarnham, D.M.R. Southern Division"
1353,"64201 Rathfarnham, D.M.R. Southern Division"
1354,"64201 Rathfarnham, D.M.R. Southern Division"
1355,"64201 Rathfarnham, D.M.R. Southern Division"
1356,"64301 Rathmines, D.M.R. Southern Division"
1357,"64301 Rathmines, D.M.R. Southern Division"
1358,"64301 Rathmines, D.M.R. Southern Division"
1359,"64301 Rathmines, D.M.R. Southern Division"
1360,"64301 Rathmines, D.M.R. Southern Division"
1361,"64301 Rathmines, D.M.R. Southern Division"
1362,"64301 Rathmines, D.M.R. Southern Division"
1363,"64301 Rathmines, D.M.R. Southern Division"
1364,"64301 Rathmines, D.M.R. Southern Division"
1365,"64301 Rathmines, D.M.R. Southern Division"
1366,"64301 Rathmines, D.M.R. Southern Division"
1367,"64301 Rathmines, D.M.R. Southern Division"
1368,"66302 Ronanstown, D.M.R. Western Division"
1369,"66302 Ronanstown, D.M.R. Western Division"
1370,"66302 Ronanstown, D.M.R. Western Division"
1371,"66302 Ronanstown, D.M.R. Western Division"
1372,"66302 Ronanstown, D.M.R. Western Division"
1373,"66302 Ronanstown, D.M.R. Western Division"
1374,"66302 Ronanstown, D.M.R. Western Division"
1375,"66302 Ronanstown, D.M.R. Western Division"
1376,"66302 Ronanstown, D.M.R. Western Division"
1377,"66302 Ronanstown, D.M.R. Western Division"
1378,"66302 Ronanstown, D.M.R. Western Division"
1379,"66302 Ronanstown, D.M.R. Western Division"
1380,"63203 Santry, D.M.R. Northern Division"
1381,"63203 Santry, D.M.R. Northern Division"
1382,"63203 Santry, D.M.R. Northern Division"
1383,"63203 Santry, D.M.R. Northern Division"
1384,"63203 Santry, D.M.R. Northern Division"
1385,"63203 Santry, D.M.R. Northern Division"
1386,"63203 Santry, D.M.R. Northern Division"
1387,"63203 Santry, D.M.R. Northern Division"
1388,"63203 Santry, D.M.R. Northern Division"
1389,"63203 Santry, D.M.R. Northern Division"
1390,"63203 Santry, D.M.R. Northern Division"
1391,"63203 Santry, D.M.R. Northern Division"
1392,"65205 Shankill, D.M.R. Eastern Division"
1393,"65205 Shankill, D.M.R. Eastern Division"
1394,"65205 Shankill, D.M.R. Eastern Division"
1395,"65205 Shankill, D.M.R. Eastern Division"
1396,"65205 Shankill, D.M.R. Eastern Division"
1397,"65205 Shankill, D.M.R. Eastern Division"
1398,"65205 Shankill, D.M.R. Eastern Division"
1399,"65205 Shankill, D.M.R. Eastern Division"
1400,"65205 Shankill, D.M.R. Eastern Division"
1401,"65205 Shankill, D.M.R. Eastern Division"
1402,"65205 Shankill, D.M.R. Eastern Division"
1403,"65205 Shankill, D.M.R. Eastern Division"
1404,"63105 Skerries, D.M.R. Northern Division"
1405,"63105 Skerries, D.M.R. Northern Division"
1406,"63105 Skerries, D.M.R. Northern Division"
1407,"63105 Skerries, D.M.R. Northern Division"
1408,"63105 Skerries, D.M.R. Northern Division"
1409,"63105 Skerries, D.M.R. Northern Division"
1410,"63105 Skerries, D.M.R. Northern Division"
1411,"63105 Skerries, D.M.R. Northern Division"
1412,"63105 Skerries, D.M.R. Northern Division"
1413,"63105 Skerries, D.M.R. Northern Division"
1414,"63105 Skerries, D.M.R. Northern Division"
1415,"63105 Skerries, D.M.R. Northern Division"
1416,"62301 Store Street, D.M.R. North Central Division"
1417,"62301 Store Street, D.M.R. North Central Division"
1418,"62301 Store Street, D.M.R. North Central Division"
1419,"62301 Store Street, D.M.R. North Central Division"
1420,"62301 Store Street, D.M.R. North Central Division"
1421,"62301 Store Street, D.M.R. North Central Division"
1422,"62301 Store Street, D.M.R. North Central Division"
1423,"62301 Store Street, D.M.R. North Central Division"
1424,"62301 Store Street, D.M.R. North Central Division"
1425,"62301 Store Street, D.M.R. North Central Division"
1426,"62301 Store Street, D.M.R. North Central Division"
1427,"62301 Store Street, D.M.R. North Central Division"
1428,"64102 Sundrive Road, D.M.R. Southern Division"
1429,"64102 Sundrive Road, D.M.R. Southern Division"
1430,"64102 Sundrive Road, D.M.R. Southern Division"
1431,"64102 Sundrive Road, D.M.R. Southern Division"
1432,"64102 Sundrive Road, D.M.R. Southern Division"
1433,"64102 Sundrive Road, D.M.R. Southern Division"
1434,"64102 Sundrive Road, D.M.R. Southern Division"
1435,"64102 Sundrive Road, D.M.R. Southern Division"
1436,"64102 Sundrive Road, D.M.R. Southern Division"
1437,"64102 Sundrive Road, D.M.R. Southern Division"
1438,"64102 Sundrive Road, D.M.R. Southern Division"
1439,"64102 Sundrive Road, D.M.R. Southern Division"
1440,"63303 Swords, D.M.R. Northern Division"
1441,"63303 Swords, D.M.R. Northern Division"
1442,"63303 Swords, D.M.R. Northern Division"
1443,"63303 Swords, D.M.R. Northern Division"
1444,"63303 Swords, D.M.R. Northern Division"
1445,"63303 Swords, D.M.R. Northern Division"
1446,"63303 Swords, D.M.R. Northern Division"
1447,"63303 Swords, D.M.R. Northern Division"
1448,"63303 Swords, D.M.R. Northern Division"
1449,"63303 Swords, D.M.R. Northern Division"
1450,"63303 Swords, D.M.R. Northern Division"
1451,"63303 Swords, D.M.R. Northern Division"
1452,"64202 Tallaght, D.M.R. Southern Division"
1453,"64202 Tallaght, D.M.R. Southern Division"
1454,"64202 Tallaght, D.M.R. Southern Division"
1455,"64202 Tallaght, D.M.R. Southern Division"
1456,"64202 Tallaght, D.M.R. Southern Division"
1457,"64202 Tallaght, D.M.R. Southern Division"
1458,"64202 Tallaght, D.M.R. Southern Division"
1459,"64202 Tallaght, D.M.R. Southern Division"
1460,"64202 Tallaght, D.M.R. Southern Division"
1461,"64202 Tallaght, D.M.R. Southern Division"
1462,"64202 Tallaght, D.M.R. Southern Division"
1463,"64202 Tallaght, D.M.R. Southern Division"
1464,"64302 Terenure, D.M.R. Southern Division"
1465,"64302 Terenure, D.M.R. Southern Division"
1466,"64302 Terenure, D.M.R. Southern Division"
1467,"64302 Terenure, D.M.R. Southern Division"
1468,"64302 Terenure, D.M.R. Southern Division"
1469,"64302 Terenure, D.M.R. Southern Division"
1470,"64302 Terenure, D.M.R. Southern Division"
1471,"64302 Terenure, D.M.R. Southern Division"
1472,"64302 Terenure, D.M.R. Southern Division"
1473,"64302 Terenure, D.M.R. Southern Division"
1474,"64302 Terenure, D.M.R. Southern Division"
1475,"64302 Terenure, D.M.R. Southern Division"
